epoch,time,memory,val_loss,train_loss
1,242.54042744636536,79401472,0.4597272795179616,0.4207931490654641
2,539.2465572357178,79401472,0.45322814708064907,0.4198125495132825
3,841.3121156692505,79401472,0.6013576263014786,0.41979419233951165
4,1161.4486982822418,79401472,0.43226337078512506,0.4235759216842922
5,1472.8674342632294,79401472,0.4867323514837656,0.4248906307398005
6,1757.038327217102,79401472,0.5352690162760236,0.4198593552230943
7,1976.6205461025238,79401472,0.47322919036607985,0.4216193790342791
8,2198.9866168498993,79401472,0.5229255354499648,0.4180114321040769
